,ID,level,genre,main_score,concern_count,episodes_count,comments_count
0,547385,best,101.0,9.99,1711,58,1
1,539286,best,101.0,9.91,497,33,6
2,138937,best,101.0,9.99,3781,38,0
3,405685,best,101.0,9.98,2219,89,0
4,539502,best,101.0,9.96,2547,69,2
5,507429,best,101.0,9.95,423,17,0
6,533745,best,101.0,9.98,8546,101,1
7,512707,best,101.0,9.98,4217,73,0
8,519498,best,101.0,9.96,4154,95,0
9,398075,best,101.0,9.82,1982,317,0
10,495848,best,101.0,9.97,2886,57,1
11,531028,best,101.0,9.99,2971,85,5
12,521183,best,101.0,10.0,7692,72,3
13,508392,best,101.0,9.99,5607,114,3
14,346483,best,101.0,9.6,4789,33,0
15,540184,best,101.0,9.97,4624,93,4
16,536598,best,101.0,9.99,2137,47,2
17,353459,best,101.0,9.99,3542,49,0
18,407247,best,101.0,9.98,3422,94,2
19,233214,best,101.0,9.96,3251,43,1
20,529338,best,101.0,9.99,4614,108,4
21,533887,best,101.0,9.99,3727,81,1
22,535202,best,101.0,9.99,4623,23,3
23,547121,best,101.0,9.97,8138,125,16
24,489762,best,101.0,9.99,7101,80,4
25,402565,best,101.0,9.8,1298,232,0
26,272920,best,101.0,9.98,10350,80,0
27,351993,best,101.0,9.85,1316,187,3
28,527274,best,101.0,10.0,2010,202,2
29,491876,best,101.0,9.98,2156,121,9
30,546765,best,101.0,9.95,2627,36,0
31,420462,best,101.0,9.99,6713,93,0
32,530958,best,101.0,9.99,5226,89,4
33,296333,best,101.0,9.99,1423,39,1
34,472819,best,101.0,9.99,1697,16,0
35,187701,best,101.0,9.87,10052,278,1
36,527501,best,101.0,9.98,12289,44,5
37,537213,best,101.0,9.98,2692,73,0
38,388934,best,101.0,9.85,6894,22,1
39,479423,best,101.0,9.99,3486,32,2
40,546686,best,101.0,9.93,2129,23,0
41,541213,best,101.0,9.99,4083,27,2
42,523440,best,101.0,10.0,2929,74,0
43,492973,best,101.0,9.98,2914,80,5
44,89971,best,101.0,9.89,3755,174,0
45,361300,best,101.0,10.0,2622,5,0
46,495034,best,101.0,9.91,3112,106,0
47,498329,best,101.0,9.98,8239,74,1
48,528108,best,101.0,9.94,4845,70,6
49,408936,best,101.0,9.84,2081,67,0
50,538109,best,101.0,9.99,2297,41,2
51,539450,best,101.0,10.0,2269,34,1
52,479415,best,101.0,9.99,5363,146,0
53,458846,best,101.0,9.93,2634,6,2
54,536509,best,101.0,9.94,2298,9,3
55,468312,best,101.0,9.97,4176,91,0
56,263457,best,101.0,9.98,1444,204,4
57,491599,best,101.0,9.99,2943,7,0
58,496902,best,101.0,9.92,12105,66,3
59,513083,best,101.0,9.98,2634,70,0
60,409283,best,101.0,9.98,7047,88,3
61,505657,best,101.0,9.94,717,24,0
62,408286,best,101.0,9.98,1433,126,0
63,470391,best,101.0,9.84,606,44,0
64,364337,best,101.0,9.96,5479,37,1
65,57618,best,101.0,9.98,14295,57,0
66,512041,best,101.0,10.0,5140,6,5
67,410217,best,101.0,9.93,412,99,0
68,221400,best,101.0,9.88,7909,80,0
69,523598,best,101.0,9.97,7686,68,0
70,242308,best,101.0,9.99,4201,164,0
71,508428,best,101.0,9.96,1557,64,0
72,426242,best,101.0,9.99,9023,96,0
73,205491,best,101.0,9.85,7379,112,0
74,97071,best,101.0,9.97,25246,141,15
75,333567,best,101.0,9.97,9749,138,1
76,89749,best,101.0,9.88,3793,83,1
77,532969,best,101.0,9.99,5459,117,2
78,293152,best,101.0,9.94,4923,110,4
79,522990,best,101.0,9.99,4621,87,0
80,481331,best,101.0,0.0,2416,0,1
81,425239,best,101.0,9.73,4965,44,0
82,464501,best,101.0,9.97,7310,53,0
83,503631,best,101.0,9.98,5636,155,0
84,532577,best,101.0,9.99,3026,61,0
85,466329,best,101.0,9.99,3787,85,4
86,466560,best,101.0,9.99,4181,85,0
87,94006,best,101.0,9.96,2937,70,0
88,435864,best,101.0,9.94,1701,134,0
89,537950,best,101.0,10.0,2334,3,0
90,529028,best,101.0,9.98,2752,137,0
91,525752,best,101.0,9.98,9254,5,5
92,390312,best,101.0,9.83,1934,49,0
93,427497,best,101.0,9.98,4083,40,1
94,541017,best,101.0,9.96,1280,65,0
95,298787,best,101.0,9.96,4183,162,0
96,518861,best,101.0,9.99,5850,13,8
97,492903,best,101.0,9.99,3503,12,0
98,527904,best,101.0,9.92,2428,40,0
99,330701,best,101.0,9.99,5383,8,0
100,492933,best,101.0,9.99,4745,74,0
101,406141,best,101.0,9.98,1235,6,0
102,531428,best,101.0,9.99,5718,6,0
103,429866,best,101.0,9.98,3741,131,0
104,331186,best,101.0,10.0,2321,8,0
105,500996,best,101.0,9.98,4804,135,0
106,396814,best,101.0,9.98,3933,127,0
107,71386,best,101.0,9.72,926,9,0
108,284661,best,101.0,9.96,15983,107,0
109,224412,best,101.0,9.96,10424,89,0
110,365390,best,101.0,9.97,12737,137,0
111,531464,best,101.0,10.0,2471,78,2
112,465054,best,101.0,9.97,3252,61,2
113,332617,best,101.0,9.46,3690,42,0
114,526284,best,101.0,9.92,3814,10,0
115,469641,best,101.0,9.87,611,5,0
116,470887,best,101.0,9.97,5077,133,0
117,519543,best,101.0,9.99,3499,97,0
118,404166,best,101.0,9.98,8938,118,0
119,502049,best,101.0,9.96,2530,67,0
120,211761,best,101.0,9.97,1205,72,0
121,506393,best,101.0,9.99,12049,11,0
122,374685,best,101.0,0.0,4526,0,1
123,454447,best,101.0,9.99,1464,49,0
124,285587,best,101.0,9.95,7684,58,0
125,434212,best,101.0,9.96,7019,107,2
126,275206,best,101.0,9.99,8557,173,0
127,391634,best,101.0,9.99,10065,89,0
128,126085,best,101.0,9.98,6887,105,0
129,425873,best,101.0,9.93,2464,8,0
130,509076,best,101.0,9.88,5849,8,1
131,504146,best,101.0,9.99,2485,30,0
132,525910,best,101.0,9.82,1439,14,0
133,360730,best,101.0,9.99,693,123,0
134,183564,best,101.0,10.0,2542,1,0
135,526291,best,101.0,9.96,2957,8,0
136,490335,best,101.0,9.82,601,2,0
137,371227,best,101.0,9.96,4057,53,0
138,425694,best,101.0,9.94,3945,105,0
139,329691,best,101.0,9.93,3232,1,0
140,451833,best,101.0,9.99,6420,117,1
141,502326,best,101.0,9.98,5392,8,0
142,398463,best,101.0,9.99,3268,11,0
143,411183,best,101.0,9.97,5611,30,0
144,70754,best,101.0,9.9,7680,4,0
145,501306,best,101.0,9.97,2700,94,0
146,271443,best,101.0,9.96,11910,106,1
147,344651,best,101.0,9.97,4269,107,0
148,358700,best,101.0,9.99,4568,13,0
149,473393,best,101.0,9.97,1850,63,0
150,505015,best,101.0,9.99,3020,10,0
151,366765,best,101.0,9.96,2788,69,0
152,485480,best,101.0,9.99,2241,101,0
153,407800,best,101.0,9.99,1069,88,0
154,452166,best,101.0,9.92,1465,52,0
155,487571,best,101.0,9.97,4565,84,0
156,389183,best,101.0,9.94,3143,2,0
157,196107,best,101.0,9.98,1136,99,0
158,11916,best,101.0,9.98,9234,8,0
159,499199,best,101.0,9.99,1128,105,0
160,485027,best,101.0,9.83,6855,1,1
161,518005,best,101.0,9.99,2421,80,0
162,436878,best,101.0,9.99,13828,8,0
163,496329,best,101.0,9.99,3661,83,0
164,377644,best,101.0,9.97,2711,1,0
165,511452,best,101.0,9.96,2797,10,0
166,350895,best,101.0,9.99,2068,113,0
167,394494,best,101.0,9.97,5781,109,0
168,429702,best,101.0,9.99,1496,102,0
169,422010,best,101.0,9.93,2823,1,0
170,366006,best,101.0,9.96,3344,3,0
171,405541,best,101.0,9.96,2181,9,0
172,262707,best,101.0,9.71,1753,1,0
173,427340,best,101.0,9.93,1683,8,0
174,471017,best,101.0,9.91,1789,9,0
175,110067,best,101.0,9.7,334,76,0
176,12877,best,101.0,9.84,4218,87,0
177,500688,best,101.0,9.98,3880,5,0
178,268129,best,101.0,9.99,10626,116,0
179,504591,best,101.0,9.99,1304,70,0
180,375350,best,101.0,9.99,4979,103,0
181,475727,best,101.0,9.98,5117,106,0
182,408776,best,101.0,9.98,3876,6,0
183,409943,best,101.0,9.79,2697,61,0
184,417421,best,101.0,9.97,4329,7,0
185,462969,best,101.0,9.96,1430,90,0
186,525735,best,101.0,9.99,2046,86,0
187,143210,best,101.0,9.94,10525,4,0
188,406260,best,101.0,9.96,5350,2,1
189,475961,best,101.0,9.96,3787,123,0
190,378668,best,101.0,9.99,7553,105,0
191,430661,best,101.0,9.99,7050,110,0
192,250367,best,101.0,9.99,1656,8,0
193,501002,best,101.0,9.97,2172,117,0
194,485192,best,101.0,9.99,1057,97,0
195,246738,best,101.0,9.99,3796,102,0
196,427092,best,101.0,9.98,5702,101,0
197,496566,best,101.0,9.99,1064,9,0
198,411963,best,101.0,9.87,4480,6,0
199,491784,best,101.0,9.99,1390,5,0
200,175183,best,101.0,9.96,5956,7,0
201,115949,best,101.0,9.98,6130,139,0
202,471841,best,101.0,9.95,1882,3,0
203,335437,best,101.0,9.98,1438,6,0
204,286895,best,101.0,9.99,3918,10,0
205,466825,best,101.0,9.98,1887,21,0
206,387226,best,101.0,9.98,2188,7,0
207,511612,best,101.0,9.98,2086,8,0
208,455288,best,101.0,9.96,3166,5,0
209,428479,best,101.0,9.98,3474,11,0
210,456136,best,101.0,9.81,1341,95,0
211,255438,best,101.0,9.99,11009,140,0
212,459905,best,101.0,9.99,2255,6,0
213,452783,best,101.0,9.97,4227,2,0
214,523063,best,101.0,9.93,2186,79,0
215,403786,best,101.0,9.98,2521,71,0
216,242268,best,101.0,9.97,2038,15,0
217,210270,best,101.0,9.97,6893,176,0
218,308637,best,101.0,9.99,4877,120,0
219,481313,best,101.0,9.95,1250,7,0
220,352161,best,101.0,9.96,2890,94,0
221,218959,best,101.0,9.96,2579,16,0
222,215681,best,101.0,9.99,5037,12,0
223,437101,best,101.0,9.98,10500,36,1
224,459172,best,101.0,9.86,1973,18,0
225,159392,best,101.0,9.92,14361,3,0
226,242099,best,101.0,9.99,2042,33,0
227,377750,best,101.0,9.55,4165,1,0
228,391610,best,101.0,9.99,1566,6,0
229,406576,best,101.0,9.99,4409,6,0
230,414728,best,101.0,9.94,6956,182,0
231,480899,best,101.0,9.95,4026,124,0
232,428793,best,101.0,9.97,5592,78,1
233,408958,best,101.0,9.97,2010,98,0
234,473575,best,101.0,9.99,3790,5,0
235,244700,best,101.0,9.98,18478,145,0
236,483652,best,101.0,9.93,574,57,0
237,477775,best,101.0,9.96,4573,54,0
238,495488,best,101.0,9.98,1286,7,0
239,396134,best,101.0,9.94,4130,11,0
240,399078,best,101.0,9.97,2593,134,0
241,409717,best,101.0,9.99,2733,41,0
242,396141,best,101.0,9.97,4737,69,0
243,40385,best,101.0,9.88,1188,173,0
244,323244,best,101.0,9.98,5967,7,0
245,396422,best,101.0,9.97,2763,6,0
246,464754,best,101.0,9.91,3396,6,0
247,331979,best,101.0,9.95,8135,194,0
248,95981,best,101.0,9.92,9744,229,0
249,115087,best,101.0,9.9,12494,116,0
250,496576,best,101.0,9.99,1641,74,0
251,129295,best,101.0,9.84,4311,4,0
252,342283,best,101.0,9.98,2953,86,0
253,332676,best,101.0,9.99,2169,15,0
254,89045,best,101.0,9.98,1847,74,0
255,379123,best,101.0,9.9,2502,68,0
256,465420,best,101.0,9.96,2004,70,0
257,180890,best,101.0,9.39,8206,3,0
258,196867,best,101.0,9.92,2251,13,0
259,425840,best,101.0,9.97,5084,4,0
260,461279,best,101.0,9.99,1645,83,0
261,420227,best,101.0,9.99,4775,7,0
262,467477,best,101.0,9.96,5264,7,0
263,221468,best,101.0,9.98,46868,250,4
264,394345,best,101.0,9.98,1975,10,0
265,235100,best,101.0,9.99,7859,88,0
266,375934,best,101.0,9.98,843,107,0
267,213429,best,101.0,9.99,9441,34,0
268,363983,best,101.0,9.99,4256,21,0
269,429384,best,101.0,9.99,1984,16,0
270,80051,best,101.0,9.77,4078,112,0
271,384688,best,101.0,9.9,3265,16,0
272,468602,best,101.0,9.87,975,103,0
273,339297,best,101.0,9.99,3626,84,0
274,434054,best,101.0,9.98,3004,68,0
275,419262,best,101.0,9.94,5505,7,0
276,295483,best,101.0,9.99,7253,10,0
277,8513,best,101.0,9.96,1263,63,0
278,193407,best,101.0,9.98,2639,144,0
279,457649,best,101.0,9.99,6519,1,0
280,463625,best,101.0,9.97,1939,115,0
281,332114,best,101.0,9.94,7214,10,0
282,459255,best,101.0,9.97,8334,8,1
283,212496,best,101.0,9.98,6640,9,0
284,468797,best,101.0,9.93,3927,32,0
285,418685,best,101.0,9.96,4287,135,0
286,309466,best,101.0,9.66,2166,1,0
287,210769,best,101.0,9.98,1551,16,0
288,242008,best,101.0,9.94,592,6,0
289,201390,best,101.0,9.4,2404,1,0
290,403888,best,101.0,9.99,2901,8,0
291,464497,best,101.0,9.97,1340,33,0
292,158190,best,101.0,9.97,3441,10,0
293,138488,best,101.0,9.96,3322,205,0
294,237175,best,101.0,9.97,6928,86,0
295,1305,best,101.0,9.94,4589,52,0
296,509803,best,101.0,9.98,1923,15,0
297,119229,best,101.0,0.0,1199,0,0
298,165993,best,101.0,9.92,6649,103,0
299,427001,best,101.0,9.97,6517,38,0
300,111649,best,101.0,9.92,1911,59,0
301,391540,best,101.0,9.96,2158,12,0
302,423592,best,101.0,9.97,2626,101,0
303,465064,best,101.0,9.98,3277,54,0
304,450314,best,101.0,9.98,2642,3,0
305,306648,best,101.0,9.99,6513,118,0
306,321889,best,101.0,9.65,6392,1,0
307,160631,best,101.0,9.97,5745,8,0
308,184701,best,101.0,9.96,3439,12,0
309,283425,best,101.0,9.95,4231,2,0
310,411783,best,101.0,9.93,3762,56,0
311,301879,best,101.0,9.92,1985,101,0
312,97896,best,101.0,9.95,4647,186,0
313,342054,best,101.0,9.96,2538,73,0
314,489894,best,101.0,9.99,1733,67,0
315,403038,best,101.0,9.99,2298,12,0
316,208892,best,101.0,9.95,13834,10,0
317,212423,best,101.0,9.99,1196,18,0
318,412738,best,101.0,9.99,3117,17,0
319,184825,best,101.0,9.96,24223,154,0
320,242800,best,101.0,9.99,4521,160,0
321,204437,best,101.0,9.91,3057,7,0
322,407273,best,101.0,9.98,4330,1,0
323,253683,best,101.0,9.92,4552,1,0
324,195441,best,101.0,9.99,3924,55,0
325,459929,best,101.0,8.2,1948,1,0
326,216953,best,101.0,9.98,5345,90,0
327,322507,best,101.0,9.6,1434,1,0
328,401641,best,101.0,9.97,4095,82,0
329,185112,best,101.0,9.8,5323,8,0
330,396706,best,101.0,9.97,10864,102,1
331,200455,best,101.0,9.73,4684,4,0
332,179753,best,101.0,9.97,4684,122,0
333,157904,best,101.0,9.99,6677,37,0
334,394233,best,101.0,9.98,11965,10,0
335,243918,best,101.0,9.96,5469,9,0
336,3705,best,101.0,9.97,3423,19,0
337,464827,best,101.0,9.88,504,57,0
338,400554,best,101.0,9.94,6732,2,0
339,160234,best,101.0,9.0,2838,1,0
340,301865,best,101.0,9.96,3638,129,0
341,428558,best,101.0,9.95,6666,128,0
342,335992,best,101.0,9.98,2342,74,0
343,241681,best,101.0,9.98,3289,3,0
344,321141,best,101.0,9.95,1493,15,0
345,348480,best,101.0,9.99,5371,92,0
346,286370,best,101.0,9.73,7775,5,0
347,270059,best,101.0,9.98,1227,58,0
348,297508,best,101.0,9.95,2196,1,0
349,241372,best,101.0,9.99,972,19,0
350,205552,best,101.0,9.75,6801,9,0
351,371570,best,101.0,9.98,3261,126,0
352,208969,best,101.0,9.94,8204,30,0
353,132484,best,101.0,9.95,13958,11,0
354,207375,best,101.0,9.94,2690,23,0
355,224588,best,101.0,9.99,3605,1,0
356,367188,best,101.0,9.96,3720,2,0
357,438060,best,101.0,9.92,1220,53,0
358,268811,best,101.0,9.97,11017,93,0
359,137378,best,101.0,9.95,15508,93,0
360,159943,best,101.0,9.73,14734,1,0
361,341822,best,101.0,9.99,16824,40,0
362,290489,best,101.0,9.99,3195,6,0
363,264631,best,101.0,9.99,6309,98,0
364,182917,best,101.0,9.97,2614,23,0
365,232526,best,101.0,9.98,16783,119,0
366,424242,best,101.0,9.99,2548,89,0
367,387429,best,101.0,9.93,1425,4,0
368,391767,best,101.0,9.95,1617,4,0
369,352187,best,101.0,9.98,533,5,0
370,239904,best,101.0,9.98,3187,18,0
371,275467,best,101.0,9.99,3345,138,0
372,219899,best,101.0,9.97,13279,99,0
373,301661,best,101.0,9.96,2321,55,0
374,204423,best,101.0,9.86,2892,5,0
375,196768,best,101.0,9.91,4626,8,0
376,206590,best,101.0,9.99,525,10,0
377,201838,best,101.0,9.95,2956,81,0
378,241795,best,101.0,9.92,1509,20,0
379,221470,best,101.0,9.93,8340,97,0
380,195683,best,101.0,9.94,4155,249,0
381,102061,best,101.0,9.95,2213,81,0
382,166674,best,101.0,9.88,2008,10,0
383,14920,best,101.0,9.83,6599,18,0
384,335327,best,101.0,9.99,5156,89,0
385,254855,best,101.0,9.98,7351,9,0
386,403312,best,101.0,9.99,1925,25,0
387,266842,best,101.0,9.99,12381,116,0
388,192864,best,101.0,9.91,2870,19,0
389,224260,best,101.0,9.99,8609,163,0
390,196739,best,101.0,9.9,2483,155,0
391,313546,best,101.0,9.96,4947,16,0
392,311677,best,101.0,9.97,6712,10,0
393,216936,best,101.0,9.95,7163,209,0
394,385969,best,101.0,9.99,3572,109,0
395,211863,best,101.0,9.98,9087,14,0
396,153099,best,101.0,9.58,1312,8,0
397,248871,best,101.0,9.97,1762,13,0
398,241879,best,101.0,9.95,272,20,0
399,416512,best,101.0,9.95,5840,10,0
400,186845,best,101.0,9.87,2239,10,0
401,329745,best,101.0,9.97,2159,6,0
402,198176,best,101.0,0.0,2906,0,0
403,193677,best,101.0,9.97,5250,121,0
404,199905,best,101.0,9.87,1794,74,0
405,380411,best,101.0,9.99,3692,57,0
406,192186,best,101.0,9.99,1620,27,0
407,387962,best,101.0,9.99,2631,83,0
408,200317,best,101.0,9.94,3798,7,0
409,207055,best,101.0,9.97,12709,103,0
410,228700,best,101.0,9.87,2453,9,0
411,178786,best,101.0,9.96,5053,32,0
412,4219,best,101.0,9.94,3563,58,0
413,322064,best,101.0,9.99,2212,139,0
414,160307,best,101.0,9.94,4576,145,0
415,160425,best,101.0,9.94,12623,66,0
416,244224,best,101.0,9.91,2143,7,0
417,258752,best,101.0,9.99,4035,10,0
418,236500,best,101.0,9.99,5796,216,0
419,215972,best,101.0,9.95,4347,75,0
420,241357,best,101.0,9.98,254,11,0
421,332550,best,101.0,9.98,3858,5,0
422,130749,best,101.0,9.87,2134,70,0
423,221045,best,101.0,9.98,16069,89,0
424,166170,best,101.0,9.96,10284,111,0
425,108410,best,101.0,9.98,13807,80,0
426,259407,best,101.0,9.98,3081,10,0
427,336855,best,101.0,9.99,2778,65,0
428,385491,best,101.0,9.94,2681,1,0
429,144436,best,101.0,9.61,3406,151,0
430,168124,best,101.0,9.94,4770,72,0
431,153517,best,101.0,9.84,6307,41,0
432,271931,best,101.0,9.99,7574,1,0
433,178432,best,101.0,9.92,650,63,0
434,263889,best,101.0,9.98,8408,125,0
435,198723,best,101.0,9.96,1267,11,0
436,196646,best,101.0,9.92,1957,32,0
437,343394,best,101.0,9.96,733,16,0
438,196293,best,101.0,9.92,4168,126,0
439,247382,best,101.0,9.7,2489,134,0
440,133566,best,101.0,9.97,4063,14,0
441,124862,best,101.0,9.87,1868,7,0
442,199265,best,101.0,9.97,3019,64,0
443,201507,best,101.0,9.99,12633,199,1
444,173827,best,101.0,9.97,1190,13,0
445,261392,best,101.0,9.99,3528,167,0
446,189351,best,101.0,9.92,1223,45,0
447,131961,best,101.0,9.94,1319,55,0
448,216381,best,101.0,9.99,4032,28,0
449,207470,best,101.0,9.88,8971,32,0
450,33458,best,101.0,10.0,6292,1,0
451,96060,best,101.0,9.76,3024,334,0
452,279749,best,101.0,9.95,2146,3,0
453,213426,best,101.0,9.96,7190,149,0
454,240836,best,101.0,9.97,5998,10,0
455,215212,best,101.0,0.0,3415,0,0
456,265408,best,101.0,9.99,1820,94,0
457,168507,best,101.0,9.93,8519,34,0
458,160218,best,101.0,9.89,1916,31,0
459,124659,best,101.0,9.92,3081,6,0
460,116964,best,101.0,9.98,532,25,0
461,186768,best,101.0,9.89,7767,89,0
462,224088,best,101.0,9.98,1974,12,0
463,220164,best,101.0,9.97,6092,49,0
464,58533,best,101.0,9.98,2129,171,0
465,156544,best,101.0,9.89,2292,11,0
466,257277,best,101.0,9.98,3941,91,0
467,214783,best,101.0,9.86,5224,5,0
468,128925,best,101.0,9.95,6982,77,0
469,217507,best,101.0,9.96,9327,94,0
470,154656,best,101.0,9.95,5455,97,0
471,118292,best,101.0,9.93,5950,82,0
472,213062,best,101.0,9.98,3037,33,0
473,201073,best,101.0,9.95,9036,18,0
474,190144,best,101.0,9.96,237,46,0
475,93015,best,101.0,9.96,4000,127,0
476,202642,best,101.0,9.98,13418,119,0
477,185015,best,101.0,9.92,441,3,0
478,251859,best,101.0,9.7,518,34,0
479,163353,best,101.0,9.92,3898,19,0
480,156561,best,101.0,9.95,1105,75,0
481,125999,best,101.0,9.87,2160,11,0
482,189099,best,101.0,9.9,8357,61,0
483,239932,best,101.0,9.96,832,10,0
484,31992,best,101.0,9.68,1063,3,0
485,233128,best,101.0,9.95,2798,6,0
486,179855,best,101.0,9.92,25409,1,0
487,158768,best,101.0,9.97,1803,45,0
488,159465,best,101.0,9.85,884,42,0
489,201198,best,101.0,9.98,2380,10,0
490,200002,best,101.0,9.72,841,10,0
491,174542,best,101.0,9.96,7632,64,0
492,194711,best,101.0,9.96,1897,10,0
493,184949,best,101.0,9.98,2481,10,0
494,184356,best,101.0,9.88,1871,10,0
495,170703,best,101.0,9.97,790,7,0
496,171673,best,101.0,9.88,994,10,0
497,144090,best,101.0,9.92,9318,10,0
498,495256,best,102.0,9.99,618,63,1
499,244501,best,102.0,9.93,1380,9,0
500,460968,best,102.0,9.88,319,48,0
501,94218,best,102.0,9.87,2527,385,0
502,397309,best,102.0,9.96,651,212,0
503,530986,best,102.0,9.64,309,111,0
504,165497,best,102.0,9.74,2341,264,0
505,200409,best,102.0,0.0,878,0,0
506,510864,best,102.0,9.92,560,97,1
507,209544,best,102.0,9.81,5092,489,1
508,431921,best,102.0,9.87,1433,167,6
509,492007,best,102.0,9.48,286,94,1
510,388687,best,102.0,9.91,2104,523,1
511,389896,best,102.0,9.51,670,41,2
512,9970,best,102.0,8.48,3599,4,0
513,540513,best,102.0,9.57,938,83,10
514,530961,best,102.0,9.96,253,53,0
515,178952,best,102.0,9.9,2141,12,0
516,460746,best,102.0,9.84,433,110,0
517,541054,best,102.0,9.87,146,129,0
518,509211,best,102.0,9.77,241,83,2
519,360108,best,102.0,9.89,2375,112,0
520,468689,best,102.0,9.93,3995,92,5
521,327076,best,102.0,9.8,2298,114,2
522,485171,best,102.0,9.67,183,100,0
523,358372,best,102.0,9.94,204,235,0
524,492297,best,102.0,9.84,401,123,3
525,179409,best,102.0,9.91,2418,172,0
526,543794,best,102.0,9.81,457,45,9
527,553103,best,102.0,9.8,45,39,3
528,312588,best,102.0,9.82,2316,533,0
529,436785,best,102.0,9.96,2032,123,0
530,114299,best,102.0,9.87,3931,90,0
531,396879,best,102.0,9.62,107,30,0
532,505865,best,102.0,9.95,907,249,1
533,479911,best,102.0,9.7,372,111,0
534,86006,best,102.0,9.92,2365,250,0
535,350945,best,102.0,9.79,943,220,1
536,502417,best,102.0,9.94,915,115,0
537,503510,best,102.0,9.92,634,36,0
538,338598,best,102.0,9.96,2811,274,2
539,364709,best,102.0,9.98,1125,31,0
540,122819,best,102.0,9.86,1149,11,0
541,304434,best,102.0,9.97,1169,242,1
542,360879,best,102.0,9.82,68,128,0
543,164014,best,102.0,9.66,411,74,0
544,402904,best,102.0,9.73,1822,148,0
545,355500,best,102.0,9.94,2288,172,0
546,474879,best,102.0,9.98,3424,149,6
547,495121,best,102.0,9.88,384,50,2
548,488146,best,102.0,9.98,1496,4,4
549,483114,best,102.0,9.88,1133,64,15
550,535830,best,102.0,9.44,152,33,1
551,382220,best,102.0,9.78,908,56,0
552,292248,best,102.0,9.71,1778,464,0
553,523376,best,102.0,9.98,2181,37,0
554,391413,best,102.0,9.84,913,93,0
555,137301,best,102.0,9.88,2183,125,0
556,5681,best,102.0,9.79,4033,351,0
557,177910,best,102.0,0.0,3411,0,0
558,3158,best,102.0,9.95,12583,127,2
559,155356,best,102.0,9.91,2207,8,0
560,263818,best,102.0,9.94,1484,243,0
561,470400,best,102.0,9.89,1410,144,0
562,14929,best,102.0,9.89,1944,247,0
563,464264,best,102.0,9.9,1388,73,0
564,471750,best,102.0,9.85,769,110,0
565,92026,best,102.0,9.88,5762,277,0
566,56706,best,102.0,9.87,1504,95,0
567,265380,best,102.0,9.98,348,72,0
568,240872,best,102.0,9.98,2366,138,0
569,75937,best,102.0,9.72,1535,6,0
570,496130,best,102.0,9.98,810,60,0
571,411930,best,102.0,9.55,617,5,0
572,283241,best,102.0,9.87,969,117,0
573,423852,best,102.0,9.82,693,129,0
574,329045,best,102.0,9.86,485,66,0
575,88465,best,102.0,9.79,8315,7,3
576,80880,best,102.0,9.88,4817,7,1
577,408972,best,102.0,9.81,442,170,0
578,60199,best,102.0,9.79,2417,290,0
579,330199,best,102.0,9.89,1317,189,0
580,166510,best,102.0,9.94,2097,152,2
581,375553,best,102.0,9.55,1102,6,0
582,5297,best,102.0,9.96,9504,107,1
583,374317,best,102.0,9.93,889,33,0
584,326851,best,102.0,9.5,1280,1,0
585,389244,best,102.0,9.98,460,64,0
586,327857,best,102.0,9.94,1352,49,0
587,410243,best,102.0,9.89,1145,179,0
588,339059,best,102.0,9.72,136,58,0
589,196327,best,102.0,0.0,1287,0,0
590,143389,best,102.0,9.95,3710,144,0
591,210039,best,102.0,9.91,5141,401,0
592,527079,best,102.0,9.82,363,147,0
593,204370,best,102.0,9.92,6350,263,1
594,464648,best,102.0,9.95,1297,145,0
595,399164,best,102.0,9.82,1162,7,0
596,269221,best,102.0,9.94,3965,159,0
597,336287,best,102.0,9.88,319,7,0
598,230067,best,102.0,9.94,6090,163,0
599,10170,best,102.0,9.77,842,6,0
600,464390,best,102.0,9.69,577,123,0
601,55101,best,102.0,9.86,950,115,0
602,358350,best,102.0,9.93,313,100,0
603,494677,best,102.0,9.95,1029,55,0
604,319038,best,102.0,9.31,592,118,0
605,115126,best,102.0,9.78,1483,25,0
606,146566,best,102.0,9.56,1226,1,0
607,98166,best,102.0,9.93,2018,112,0
608,288641,best,102.0,9.89,1299,351,0
609,187091,best,102.0,9.73,2977,130,0
610,232802,best,102.0,9.96,4198,295,1
611,378285,best,102.0,9.69,1791,6,0
612,4170,best,102.0,9.91,2701,213,0
613,436806,best,102.0,9.98,664,61,0
614,471307,best,102.0,9.6,342,111,0
615,29078,best,102.0,9.93,1641,204,0
616,159782,best,102.0,0.0,5035,0,0
617,152032,best,102.0,9.67,527,136,0
618,81220,best,102.0,9.89,1896,290,0
619,281731,best,102.0,9.96,1124,105,0
620,155916,best,102.0,0.0,1250,0,0
621,156917,best,102.0,9.97,2256,7,0
622,409402,best,102.0,9.93,2105,12,1
623,3136,best,102.0,9.83,7205,602,0
624,315068,best,102.0,9.96,1097,78,0
625,62067,best,102.0,9.86,3552,371,0
626,351633,best,102.0,9.88,1066,14,0
627,18077,best,102.0,9.5,2146,2,0
628,25598,best,102.0,9.87,1790,3,0
629,451246,best,102.0,9.95,776,15,0
630,227729,best,102.0,9.94,5826,6,0
631,356408,best,102.0,9.88,607,37,0
632,38447,best,102.0,9.75,1711,132,0
633,554,best,102.0,9.12,2789,25,0
634,1342,best,102.0,9.9,7128,136,0
635,179690,best,102.0,9.86,1776,217,0
636,221195,best,102.0,9.74,1857,342,0
637,5375,best,102.0,0.0,7407,0,0
638,429775,best,102.0,9.17,923,1,0
639,175141,best,102.0,9.33,678,101,0
640,131692,best,102.0,9.95,1883,3,0
641,179787,best,102.0,9.92,2389,25,0
642,432944,best,102.0,9.93,920,16,0
643,185281,best,102.0,9.24,2142,2,0
644,357262,best,102.0,7.8,1178,1,0
645,6854,best,102.0,9.76,1806,12,0
646,51316,best,102.0,9.81,1053,112,0
647,353125,best,102.0,5.53,642,5,0
648,41920,best,102.0,9.8,2418,167,0
649,319368,best,102.0,9.95,1825,59,0
650,26978,best,102.0,9.89,19272,426,5
651,157563,best,102.0,9.9,1977,71,0
652,131613,best,102.0,9.95,1465,234,0
653,133386,best,102.0,9.53,720,111,0
654,93242,best,102.0,9.84,904,129,0
655,78390,best,102.0,9.91,2091,139,1
656,148485,best,102.0,9.95,1522,149,0
657,57344,best,102.0,9.48,4681,20,0
658,166645,best,102.0,9.86,1910,17,0
659,10782,best,102.0,9.81,817,132,0
660,96985,best,102.0,6.15,386,2,0
661,89876,best,103.0,9.89,579,83,0
662,429732,best,103.0,9.65,443,101,2
663,289957,best,103.0,7.8,347,110,0
664,511383,best,103.0,9.91,835,32,0
665,276429,best,103.0,9.74,860,45,1
666,537796,best,103.0,9.93,478,56,2
667,537861,best,103.0,9.68,275,51,0
668,167300,best,103.0,9.98,2611,107,1
669,100133,best,103.0,9.91,5346,179,1
670,554134,best,103.0,9.94,270,25,1
671,465053,best,103.0,9.72,424,83,0
672,495291,best,103.0,9.71,138,23,0
673,379429,best,103.0,9.94,2684,99,0
674,174597,best,103.0,7.95,123,59,0
675,527279,best,103.0,9.97,180,50,2
676,424301,best,103.0,9.95,365,68,2
677,409298,best,103.0,9.91,836,127,0
678,318662,best,103.0,9.8,283,41,0
679,25589,best,103.0,9.84,3030,219,0
680,525505,best,103.0,9.79,494,26,0
681,428678,best,103.0,9.97,299,40,1
682,403318,best,103.0,9.87,586,85,0
683,426519,best,103.0,9.89,176,61,0
684,438693,best,103.0,9.7,876,129,2
685,427593,best,103.0,9.82,1312,92,0
686,63727,best,103.0,9.81,320,22,0
687,407434,best,103.0,9.74,2247,3,0
688,419201,best,103.0,9.78,505,2,0
689,452880,best,103.0,9.83,376,7,0
690,498955,best,103.0,9.8,316,7,0
691,207522,best,103.0,9.76,2555,1,0
692,475307,best,103.0,9.69,974,119,1
693,7164,best,103.0,9.72,2558,146,0
694,462247,best,103.0,9.54,831,137,0
695,458579,best,103.0,9.76,1049,6,0
696,27287,best,103.0,9.8,8664,177,2
697,499911,best,103.0,9.96,834,79,0
698,409072,best,103.0,9.99,5475,242,0
699,145780,best,103.0,8.61,439,47,0
700,489212,best,103.0,9.79,185,35,0
701,332144,best,103.0,9.89,3115,81,0
702,418550,best,103.0,9.34,148,65,0
703,268749,best,103.0,6.52,2641,2,0
704,537621,best,103.0,9.69,97,10,0
705,492121,best,103.0,9.71,139,1,0
706,360924,best,103.0,9.83,693,155,0
707,15465,best,103.0,9.72,2376,10,0
708,395468,best,103.0,9.53,271,5,0
709,433806,best,103.0,9.55,911,5,0
710,516705,best,103.0,9.95,715,99,0
711,19454,best,103.0,9.75,4280,16,0
712,510588,best,103.0,9.62,92,5,0
713,246677,best,103.0,9.89,3240,242,0
714,144657,best,103.0,9.77,3039,76,0
715,316801,best,103.0,9.78,1890,1,0
716,194469,best,103.0,9.68,4683,31,0
717,513370,best,103.0,0.0,833,0,0
718,409121,best,103.0,9.7,516,20,0
719,510133,best,103.0,9.89,206,67,0
720,417962,best,103.0,9.76,201,96,0
721,402898,best,103.0,9.88,1863,156,0
722,508947,best,103.0,9.78,456,51,0
723,465574,best,103.0,9.62,397,43,0
724,65501,best,103.0,8.0,1096,2,0
725,111490,best,103.0,9.8,309,51,0
726,505921,best,103.0,9.7,197,40,0
727,101732,best,103.0,9.84,1157,84,0
728,405665,best,103.0,9.93,794,90,0
729,171964,best,103.0,0.0,11969,0,0
730,44992,best,103.0,9.92,4561,219,0
731,412082,best,103.0,4.66,545,3,0
732,383318,best,103.0,9.79,1434,77,0
733,2280,best,103.0,9.89,2297,57,0
734,352610,best,103.0,0.0,1069,0,0
735,117037,best,103.0,9.71,7231,1,0
736,288705,best,103.0,9.94,3271,121,0
737,253545,best,103.0,9.78,1747,167,0
738,409340,best,103.0,9.71,598,78,0
739,348466,best,103.0,9.44,358,37,0
740,175792,best,103.0,9.83,875,66,0
741,264241,best,103.0,9.88,538,67,0
742,470962,best,103.0,9.91,65,32,0
743,386615,best,103.0,9.97,1004,58,0
744,414549,best,103.0,9.88,667,94,0
745,72977,best,103.0,9.79,2149,31,0
746,225222,best,103.0,9.73,684,105,0
747,412036,best,103.0,9.95,1281,122,0
748,279701,best,103.0,9.27,1103,2,0
749,338716,best,103.0,9.87,1126,77,0
750,452152,best,103.0,9.4,323,52,0
751,318245,best,103.0,9.75,280,103,0
752,354707,best,103.0,9.65,139,32,0
753,23316,best,103.0,0.0,798,0,0
754,403719,best,103.0,9.82,392,67,0
755,300130,best,103.0,8.54,1661,2,0
756,84018,best,103.0,9.8,2657,105,0
757,202851,best,103.0,9.89,825,82,0
758,391792,best,103.0,9.96,862,40,0
759,307586,best,103.0,9.91,1358,143,0
760,340075,best,103.0,9.82,640,55,0
761,355485,best,103.0,9.8,658,40,0
762,147983,best,103.0,9.41,654,64,0
763,61112,best,103.0,9.62,14971,317,0
764,158374,best,103.0,9.56,664,73,0
765,283782,best,103.0,9.3,548,3,0
766,303393,best,103.0,9.82,416,22,0
767,134639,best,103.0,8.41,1072,3,0
768,162994,best,103.0,9.92,673,13,0
769,178079,best,103.0,9.78,2034,157,0
770,169866,best,103.0,9.76,824,65,0
771,208373,best,103.0,9.79,3574,6,0
772,55676,best,103.0,9.8,2363,111,0
773,187133,best,103.0,9.91,2386,66,0
774,165236,best,103.0,9.89,483,51,0
775,185155,best,103.0,9.63,2081,27,0
776,24059,best,103.0,9.88,4541,113,0
777,222675,best,103.0,9.72,589,79,0
778,166901,best,103.0,9.76,1709,41,0
779,190297,best,103.0,9.73,767,23,0
780,431365,best,104.0,9.93,913,172,0
781,549446,best,104.0,9.95,82,41,0
782,539172,best,104.0,9.95,140,64,1
783,514768,best,104.0,9.6,43,71,0
784,554675,best,104.0,9.94,27,36,0
785,506758,best,104.0,9.81,139,172,0
786,551913,best,104.0,9.97,238,46,2
787,414512,best,104.0,9.82,621,76,9
788,308068,best,104.0,9.82,310,156,1
789,436504,best,104.0,9.96,589,53,0
790,496503,best,104.0,9.97,532,72,33
791,407543,best,104.0,9.16,72,122,0
792,5533,best,104.0,9.9,186,47,1
793,431737,best,104.0,9.92,225,101,0
794,200126,best,104.0,9.83,1663,227,0
795,435850,best,104.0,8.75,85,89,0
796,507212,best,104.0,9.91,154,55,0
797,545264,best,104.0,9.79,142,22,11
798,218120,best,104.0,9.83,1078,209,0
799,372011,best,104.0,9.82,1416,7,0
800,335908,best,104.0,9.91,240,84,0
801,309421,best,104.0,9.57,391,11,0
802,345270,best,104.0,9.93,1453,39,0
803,510829,best,104.0,9.9,142,61,0
804,425762,best,104.0,9.85,217,232,0
805,175742,best,104.0,9.4,3465,132,0
806,105987,best,104.0,9.35,330,81,0
807,397123,best,104.0,9.89,190,38,0
808,520442,best,104.0,9.82,215,89,0
809,427907,best,104.0,9.94,348,48,0
810,438416,best,104.0,9.9,99,33,0
811,218931,best,104.0,9.97,1469,345,1
812,536185,best,104.0,9.97,152,26,0
813,118359,best,104.0,9.93,481,17,0
814,510683,best,104.0,9.36,135,1,0
815,524910,best,104.0,0.0,39,0,0
816,431690,best,104.0,9.74,426,11,0
817,479752,best,104.0,9.96,272,33,0
818,481118,best,104.0,9.89,39,51,0
819,21236,best,104.0,9.95,1459,49,0
820,438722,best,104.0,9.95,174,61,0
821,345062,best,104.0,9.68,129,23,0
822,424998,best,104.0,9.67,214,94,0
823,368988,best,104.0,9.82,95,69,0
824,247045,best,104.0,9.91,128,10,0
825,483365,best,104.0,9.8,209,11,0
826,430842,best,104.0,9.94,189,47,0
827,54072,best,104.0,9.94,4831,5,0
828,410632,best,104.0,9.72,310,3,0
829,486226,best,104.0,9.8,468,11,0
830,464687,best,104.0,9.86,204,8,0
831,376900,best,104.0,9.72,293,97,0
832,352412,best,104.0,9.87,475,131,0
833,108276,best,104.0,9.5,458,149,0
834,43242,best,104.0,9.35,357,25,0
835,322772,best,104.0,9.83,291,6,0
836,247800,best,104.0,9.66,212,10,0
837,180097,best,104.0,9.51,556,102,0
838,356070,best,104.0,9.77,249,2,0
839,388979,best,104.0,9.02,135,40,0
840,228917,best,104.0,9.82,447,2,0
841,247082,best,104.0,9.77,152,10,0
842,326159,best,104.0,9.72,236,2,0
843,161170,best,104.0,9.21,241,111,0
844,205610,best,104.0,0.0,263,0,0
845,253526,best,104.0,9.2,327,1,0
846,201771,best,104.0,9.44,313,67,0
847,131241,best,104.0,9.88,910,96,0
848,3161,best,104.0,9.24,482,109,0
849,15502,best,104.0,8.94,733,44,0
850,167942,best,104.0,9.95,664,93,0
851,146545,best,104.0,9.61,394,6,0
852,189212,best,104.0,9.93,341,10,0
853,166216,best,104.0,9.32,583,3,0
854,13668,best,104.0,9.84,2527,1,5
855,544309,best,106.0,9.74,187,97,0
856,471473,best,106.0,9.86,484,122,2
857,532843,best,106.0,9.74,465,87,8
858,529288,best,106.0,9.75,430,87,2
859,527894,best,106.0,9.98,448,66,0
860,176274,best,106.0,9.64,758,256,1
861,491567,best,106.0,9.57,310,46,0
862,401844,best,106.0,9.77,934,104,3
863,521354,best,106.0,8.96,262,92,0
864,379168,best,106.0,9.85,558,64,2
865,549819,best,106.0,9.94,361,43,2
866,554716,best,106.0,8.81,51,23,2
867,272689,best,106.0,9.9,1528,210,3
868,485257,best,106.0,9.9,851,127,3
869,500775,best,106.0,9.84,277,56,0
870,9263,best,106.0,9.78,678,329,0
871,537010,best,106.0,9.86,480,37,0
872,511689,best,106.0,9.76,643,62,2
873,537157,best,106.0,9.63,214,37,1
874,457997,best,106.0,9.95,314,127,0
875,398000,best,106.0,9.92,769,111,7
876,422031,best,106.0,9.94,843,76,9
877,453675,best,106.0,9.84,287,175,0
878,308246,best,106.0,9.96,553,77,0
879,377527,best,106.0,9.85,759,129,2
880,379037,best,106.0,9.87,386,203,1
881,491396,best,106.0,9.92,581,40,4
882,399491,best,106.0,9.69,470,33,1
883,469575,best,106.0,9.35,427,12,1
884,471991,best,106.0,9.81,342,38,0
885,463130,best,106.0,9.74,289,88,0
886,383948,best,106.0,9.92,169,67,0
887,164575,best,106.0,9.9,588,225,0
888,179848,best,106.0,9.6,583,5,0
889,409223,best,106.0,9.95,613,107,3
890,510951,best,106.0,9.06,402,100,0
891,492721,best,106.0,9.94,516,47,2
892,520869,best,106.0,9.73,243,76,0
893,457582,best,106.0,9.85,545,107,0
894,146405,best,106.0,9.75,3679,218,2
895,428751,best,106.0,9.83,316,26,0
896,366713,best,106.0,9.4,535,2,0
897,355606,best,106.0,9.89,1310,3,1
898,477199,best,106.0,9.86,806,53,0
899,280085,best,106.0,9.65,874,125,0
900,313327,best,106.0,9.93,712,22,4
901,415948,best,106.0,9.95,722,94,0
902,336141,best,106.0,9.8,546,95,0
903,491279,best,106.0,9.51,223,28,0
904,529120,best,106.0,9.78,280,7,0
905,276318,best,106.0,9.75,327,134,0
906,292044,best,106.0,9.83,914,121,1
907,460811,best,106.0,9.81,1014,142,2
908,450075,best,106.0,9.88,630,96,0
909,494967,best,106.0,9.95,456,59,0
910,462919,best,106.0,9.83,394,70,0
911,535981,best,106.0,9.69,172,26,0
912,497577,best,106.0,9.54,144,78,0
913,220240,best,106.0,9.67,608,75,0
914,430980,best,106.0,9.91,413,45,0
915,423259,best,106.0,9.4,665,102,0
916,432613,best,106.0,9.9,320,48,0
917,178035,best,106.0,9.77,868,196,0
918,360164,best,106.0,9.48,733,5,0
919,354548,best,106.0,9.52,1161,191,0
920,510412,best,106.0,9.91,46,20,0
921,461750,best,106.0,9.88,739,50,0
922,255763,best,106.0,9.78,260,9,0
923,45959,best,106.0,9.75,4412,7,0
924,152483,best,106.0,9.87,595,53,0
925,410225,best,106.0,0.0,158,0,0
926,308045,best,106.0,9.49,184,34,0
927,162238,best,106.0,9.98,447,14,0
928,472409,best,106.0,0.0,189,0,0
929,316030,best,106.0,9.84,559,70,0
930,84904,best,106.0,9.87,585,94,0
931,93806,best,106.0,9.46,442,84,0
932,164546,best,106.0,9.88,989,370,0
933,175939,best,106.0,9.59,409,2,0
934,68261,best,106.0,9.55,433,44,0
935,402499,best,108.0,9.75,84,120,1
936,212381,best,108.0,9.78,5128,402,2
937,276935,best,108.0,9.86,603,196,0
938,336232,best,108.0,9.87,487,464,4
939,94958,best,108.0,9.82,568,127,0
940,492240,best,108.0,9.76,111,79,0
941,480867,best,108.0,9.9,139,90,7
942,535675,best,108.0,9.82,101,83,3
943,499007,best,108.0,9.74,53,99,0
944,263528,best,108.0,9.58,268,121,0
945,20037,best,108.0,9.78,1538,209,1
946,297850,best,108.0,9.84,1292,146,0
947,542683,best,108.0,8.82,90,71,2
948,514089,best,108.0,9.74,72,59,1
949,363487,best,108.0,8.74,118,233,2
950,490668,best,108.0,9.72,360,73,0
951,166436,best,108.0,9.57,429,58,0
952,501221,best,108.0,9.59,59,19,0
953,386400,best,108.0,9.62,125,163,0
954,454120,best,108.0,9.82,71,131,0
955,200533,best,108.0,9.79,793,105,0
956,261055,best,108.0,9.8,2430,302,0
957,494939,best,108.0,9.85,351,53,0
958,225938,best,108.0,9.86,7443,2,0
959,498934,best,108.0,9.77,104,94,0
960,481640,best,108.0,9.77,365,57,0
961,306192,best,108.0,9.83,825,63,2
962,489171,best,108.0,9.35,110,55,0
963,405349,best,108.0,9.94,2735,152,1
964,392874,best,108.0,0.0,1682,0,0
965,498657,best,108.0,9.53,192,41,0
966,103882,best,108.0,0.0,1245,0,0
967,355141,best,108.0,9.84,918,149,0
968,207399,best,108.0,10.0,2086,1,1
969,496816,best,108.0,9.71,59,60,0
970,498703,best,108.0,9.94,87,115,0
971,467670,best,108.0,9.35,63,96,0
972,452163,best,108.0,0.0,205,0,0
973,489679,best,108.0,9.84,371,141,0
974,494442,best,108.0,9.82,386,20,0
975,497154,best,108.0,8.69,89,18,0
976,221012,best,108.0,9.51,303,5,0
977,488975,best,108.0,9.86,258,55,0
978,397278,best,108.0,9.8,674,6,0
979,487123,best,108.0,9.77,114,5,0
980,489140,best,108.0,9.66,312,24,0
981,245110,best,108.0,9.2,521,112,0
982,144247,best,108.0,9.83,1326,114,0
983,341843,best,108.0,9.92,246,81,0
984,388615,best,108.0,0.0,693,0,0
985,412051,best,108.0,9.93,305,26,0
986,68852,best,108.0,9.48,980,108,0
987,398630,best,108.0,9.96,3257,76,0
988,89796,best,108.0,9.92,787,96,0
989,217450,best,108.0,9.88,11138,22,0
990,332430,best,108.0,0.0,1761,0,0
991,35274,best,108.0,0.0,200,0,0
992,98714,best,108.0,9.75,699,192,0
993,195711,best,108.0,9.96,635,11,0
994,124619,best,108.0,9.56,1758,52,0
995,126783,best,108.0,9.72,2593,137,0
996,210197,best,108.0,9.84,668,20,0
997,209342,best,108.0,9.79,525,64,0
998,177965,best,108.0,9.34,116,26,0
999,537692,best,105.0,9.92,113,108,1
1000,392585,best,105.0,9.39,43,158,0
1001,549808,best,105.0,8.97,91,36,0
1002,367552,best,105.0,9.87,225,130,0
1003,554440,best,105.0,9.79,16,29,0
1004,417357,best,105.0,8.67,20,74,0
1005,462683,best,105.0,9.9,461,148,0
1006,528948,best,105.0,9.38,88,68,0
1007,337009,best,105.0,9.74,30,67,0
1008,375277,best,105.0,9.9,199,165,0
1009,532179,best,105.0,9.65,69,58,0
1010,352853,best,105.0,9.88,160,210,1
1011,135067,best,105.0,9.64,533,250,0
1012,413624,best,105.0,7.94,141,78,0
1013,494987,best,105.0,9.92,86,64,3
1014,1394,best,105.0,9.34,340,167,0
1015,547981,best,105.0,9.67,32,38,2
1016,407933,best,105.0,9.5,185,57,0
1017,44711,best,105.0,9.51,103,173,0
1018,547196,best,105.0,9.91,36,41,0
1019,541750,best,105.0,9.7,40,22,0
1020,507854,best,105.0,9.87,274,46,1
1021,264666,best,105.0,9.53,174,97,0
1022,459561,best,105.0,9.19,35,63,0
1023,541654,best,105.0,9.87,30,42,0
1024,265690,best,105.0,8.75,546,107,0
1025,536904,best,105.0,9.86,64,40,0
1026,190922,best,105.0,9.15,91,154,0
1027,47847,best,105.0,8.19,562,148,0
1028,156942,best,105.0,9.54,304,33,0
1029,452155,best,105.0,9.19,237,41,1
1030,526172,best,105.0,0.0,382,0,0
1031,330314,best,105.0,9.51,340,81,4
1032,165722,best,105.0,8.21,116,2,0
1033,289956,best,105.0,7.8,83,56,0
1034,511597,best,105.0,9.86,53,53,0
1035,282123,best,105.0,9.88,423,177,0
1036,144902,best,105.0,0.0,340,0,2
1037,475476,best,105.0,9.56,23,34,0
1038,480871,best,105.0,8.25,75,1,0
1039,21409,best,105.0,9.61,158,40,0
1040,216090,best,105.0,9.25,122,68,0
1041,464716,best,105.0,9.83,80,88,0
1042,212382,best,105.0,9.86,264,146,0
1043,484678,best,105.0,9.8,94,65,0
1044,313591,best,105.0,9.25,29,18,0
1045,389600,best,105.0,9.81,188,95,0
1046,452175,best,105.0,9.87,259,45,0
1047,342325,best,105.0,9.14,169,41,0
1048,365716,best,105.0,8.82,163,29,0
1049,345577,best,105.0,9.52,166,106,0
1050,385219,best,105.0,9.45,130,7,0
1051,130790,best,105.0,9.88,373,141,0
1052,86706,best,105.0,9.88,711,300,0
1053,303899,best,105.0,9.83,82,34,0
1054,187931,best,105.0,9.52,103,73,0
1055,38568,best,105.0,9.52,863,233,0
1056,215352,best,105.0,9.83,159,28,0
1057,43553,best,105.0,8.49,355,8,0
