,ID,main_score,concern_count,episodes_count,comments_count
0,547385,9.99,1711,58,1
1,539286,9.91,497,33,6
2,138937,9.99,3781,38,0
3,405685,9.98,2219,89,0
4,539502,9.96,2547,69,2
5,507429,9.95,423,17,0
6,533745,9.98,8546,101,1
7,512707,9.98,4217,73,0
8,519498,9.96,4154,95,0
9,398075,9.82,1982,317,0
10,495848,9.97,2886,57,1
11,531028,9.99,2971,85,5
12,521183,10.0,7692,72,3
13,508392,9.99,5607,114,3
14,346483,9.6,4789,33,0
15,540184,9.97,4624,93,4
16,536598,9.99,2137,47,2
17,353459,9.99,3542,49,0
18,407247,9.98,3422,94,2
19,233214,9.96,3251,43,1
20,529338,9.99,4614,108,4
21,533887,9.99,3727,81,1
22,535202,9.99,4623,23,3
23,547121,9.97,8138,125,16
24,489762,9.99,7101,80,4
25,402565,9.8,1298,232,0
26,272920,9.98,10350,80,0
27,351993,9.85,1316,187,3
28,527274,10.0,2010,202,2
29,491876,9.98,2156,121,9
30,546765,9.95,2627,36,0
31,420462,9.99,6713,93,0
32,530958,9.99,5226,89,4
33,296333,9.99,1423,39,1
34,472819,9.99,1697,16,0
35,187701,9.87,10052,278,1
36,527501,9.98,12289,44,5
37,537213,9.98,2692,73,0
38,388934,9.85,6894,22,1
39,479423,9.99,3486,32,2
40,546686,9.93,2129,23,0
41,541213,9.99,4083,27,2
42,523440,10.0,2929,74,0
43,492973,9.98,2914,80,5
44,89971,9.89,3755,174,0
45,361300,10.0,2622,5,0
46,495034,9.91,3112,106,0
47,498329,9.98,8239,74,1
48,528108,9.94,4845,70,6
49,408936,9.84,2081,67,0
50,538109,9.99,2297,41,2
51,539450,10.0,2269,34,1
52,479415,9.99,5363,146,0
53,458846,9.93,2634,6,2
54,536509,9.94,2298,9,3
55,468312,9.97,4176,91,0
56,263457,9.98,1444,204,4
57,491599,9.99,2943,7,0
58,496902,9.92,12105,66,3
59,513083,9.98,2634,70,0
60,409283,9.98,7047,88,3
61,505657,9.94,717,24,0
62,408286,9.98,1433,126,0
63,470391,9.84,606,44,0
64,364337,9.96,5479,37,1
65,57618,9.98,14295,57,0
66,512041,10.0,5140,6,5
67,410217,9.93,412,99,0
68,221400,9.88,7909,80,0
69,523598,9.97,7686,68,0
70,242308,9.99,4201,164,0
71,508428,9.96,1557,64,0
72,426242,9.99,9023,96,0
73,205491,9.85,7379,112,0
74,97071,9.97,25246,141,15
75,333567,9.97,9749,138,1
76,89749,9.88,3793,83,1
77,532969,9.99,5459,117,2
78,293152,9.94,4923,110,4
79,522990,9.99,4621,87,0
80,481331,0.0,2416,0,1
81,425239,9.73,4965,44,0
82,464501,9.97,7310,53,0
83,503631,9.98,5636,155,0
84,532577,9.99,3026,61,0
85,466329,9.99,3787,85,4
86,466560,9.99,4181,85,0
87,94006,9.96,2937,70,0
88,435864,9.94,1701,134,0
89,537950,10.0,2334,3,0
90,529028,9.98,2752,137,0
91,525752,9.98,9254,5,5
92,390312,9.83,1934,49,0
93,427497,9.98,4083,40,1
94,541017,9.96,1280,65,0
95,298787,9.96,4183,162,0
96,518861,9.99,5850,13,8
97,492903,9.99,3503,12,0
98,527904,9.92,2428,40,0
99,330701,9.99,5383,8,0
100,492933,9.99,4745,74,0
101,406141,9.98,1235,6,0
102,531428,9.99,5718,6,0
103,429866,9.98,3741,131,0
104,331186,10.0,2321,8,0
105,500996,9.98,4804,135,0
106,396814,9.98,3933,127,0
107,71386,9.72,926,9,0
108,284661,9.96,15983,107,0
109,224412,9.96,10424,89,0
110,365390,9.97,12737,137,0
111,531464,10.0,2471,78,2
112,465054,9.97,3252,61,2
113,332617,9.46,3690,42,0
114,526284,9.92,3814,10,0
115,469641,9.87,611,5,0
116,470887,9.97,5077,133,0
117,519543,9.99,3499,97,0
118,404166,9.98,8938,118,0
119,502049,9.96,2530,67,0
120,211761,9.97,1205,72,0
121,506393,9.99,12049,11,0
122,374685,0.0,4526,0,1
123,454447,9.99,1464,49,0
124,285587,9.95,7684,58,0
125,434212,9.96,7019,107,2
126,275206,9.99,8557,173,0
127,391634,9.99,10065,89,0
128,126085,9.98,6887,105,0
129,425873,9.93,2464,8,0
130,509076,9.88,5849,8,1
131,504146,9.99,2485,30,0
132,525910,9.82,1439,14,0
133,360730,9.99,693,123,0
134,183564,10.0,2542,1,0
135,526291,9.96,2957,8,0
136,490335,9.82,601,2,0
137,371227,9.96,4057,53,0
138,425694,9.94,3945,105,0
139,329691,9.93,3232,1,0
140,451833,9.99,6420,117,1
141,502326,9.98,5392,8,0
142,398463,9.99,3268,11,0
143,411183,9.97,5611,30,0
144,70754,9.9,7680,4,0
145,501306,9.97,2700,94,0
146,271443,9.96,11910,106,1
147,344651,9.97,4269,107,0
148,358700,9.99,4568,13,0
149,473393,9.97,1850,63,0
150,505015,9.99,3020,10,0
151,366765,9.96,2788,69,0
152,485480,9.99,2241,101,0
153,407800,9.99,1069,88,0
154,452166,9.92,1465,52,0
155,487571,9.97,4565,84,0
156,389183,9.94,3143,2,0
157,196107,9.98,1136,99,0
158,11916,9.98,9234,8,0
159,499199,9.99,1128,105,0
160,485027,9.83,6855,1,1
161,518005,9.99,2421,80,0
162,436878,9.99,13828,8,0
163,496329,9.99,3661,83,0
164,377644,9.97,2711,1,0
165,511452,9.96,2797,10,0
166,350895,9.99,2068,113,0
167,394494,9.97,5781,109,0
168,429702,9.99,1496,102,0
169,422010,9.93,2823,1,0
170,366006,9.96,3344,3,0
171,405541,9.96,2181,9,0
172,262707,9.71,1753,1,0
173,427340,9.93,1683,8,0
174,471017,9.91,1789,9,0
175,110067,9.7,334,76,0
176,12877,9.84,4218,87,0
177,500688,9.98,3880,5,0
178,268129,9.99,10626,116,0
179,504591,9.99,1304,70,0
180,375350,9.99,4979,103,0
181,475727,9.98,5117,106,0
182,408776,9.98,3876,6,0
183,409943,9.79,2697,61,0
184,417421,9.97,4329,7,0
185,462969,9.96,1430,90,0
186,525735,9.99,2046,86,0
187,143210,9.94,10525,4,0
188,406260,9.96,5350,2,1
189,475961,9.96,3787,123,0
190,378668,9.99,7553,105,0
191,430661,9.99,7050,110,0
192,250367,9.99,1656,8,0
193,501002,9.97,2172,117,0
194,485192,9.99,1057,97,0
195,246738,9.99,3796,102,0
196,427092,9.98,5702,101,0
197,496566,9.99,1064,9,0
198,411963,9.87,4480,6,0
199,491784,9.99,1390,5,0
200,175183,9.96,5956,7,0
201,115949,9.98,6130,139,0
202,471841,9.95,1882,3,0
203,335437,9.98,1438,6,0
204,286895,9.99,3918,10,0
205,466825,9.98,1887,21,0
206,387226,9.98,2188,7,0
207,511612,9.98,2086,8,0
208,455288,9.96,3166,5,0
209,428479,9.98,3474,11,0
210,456136,9.81,1341,95,0
211,255438,9.99,11009,140,0
212,459905,9.99,2255,6,0
213,452783,9.97,4227,2,0
214,523063,9.93,2186,79,0
215,403786,9.98,2521,71,0
216,242268,9.97,2038,15,0
217,210270,9.97,6893,176,0
218,308637,9.99,4877,120,0
219,481313,9.95,1250,7,0
220,352161,9.96,2890,94,0
221,218959,9.96,2579,16,0
222,215681,9.99,5037,12,0
223,437101,9.98,10500,36,1
224,459172,9.86,1973,18,0
225,159392,9.92,14361,3,0
226,242099,9.99,2042,33,0
227,377750,9.55,4165,1,0
228,391610,9.99,1566,6,0
229,406576,9.99,4409,6,0
230,414728,9.94,6956,182,0
231,480899,9.95,4026,124,0
232,428793,9.97,5592,78,1
233,408958,9.97,2010,98,0
234,473575,9.99,3790,5,0
235,244700,9.98,18478,145,0
236,483652,9.93,574,57,0
237,477775,9.96,4573,54,0
238,495488,9.98,1286,7,0
239,396134,9.94,4130,11,0
240,399078,9.97,2593,134,0
241,409717,9.99,2733,41,0
242,396141,9.97,4737,69,0
243,40385,9.88,1188,173,0
244,323244,9.98,5967,7,0
245,396422,9.97,2763,6,0
246,464754,9.91,3396,6,0
247,331979,9.95,8135,194,0
248,95981,9.92,9744,229,0
249,115087,9.9,12494,116,0
250,496576,9.99,1641,74,0
251,129295,9.84,4311,4,0
252,342283,9.98,2953,86,0
253,332676,9.99,2169,15,0
254,89045,9.98,1847,74,0
255,379123,9.9,2502,68,0
256,465420,9.96,2004,70,0
257,180890,9.39,8206,3,0
258,196867,9.92,2251,13,0
259,425840,9.97,5084,4,0
260,461279,9.99,1645,83,0
261,420227,9.99,4775,7,0
262,467477,9.96,5264,7,0
263,221468,9.98,46868,250,4
264,394345,9.98,1975,10,0
265,235100,9.99,7859,88,0
266,375934,9.98,843,107,0
267,213429,9.99,9441,34,0
268,363983,9.99,4256,21,0
269,429384,9.99,1984,16,0
270,80051,9.77,4078,112,0
271,384688,9.9,3265,16,0
272,468602,9.87,975,103,0
273,339297,9.99,3626,84,0
274,434054,9.98,3004,68,0
275,419262,9.94,5505,7,0
276,295483,9.99,7253,10,0
277,8513,9.96,1263,63,0
278,193407,9.98,2639,144,0
279,457649,9.99,6519,1,0
280,463625,9.97,1939,115,0
281,332114,9.94,7214,10,0
282,459255,9.97,8334,8,1
283,212496,9.98,6640,9,0
284,468797,9.93,3927,32,0
285,418685,9.96,4287,135,0
286,309466,9.66,2166,1,0
287,210769,9.98,1551,16,0
288,242008,9.94,592,6,0
289,201390,9.4,2404,1,0
290,403888,9.99,2901,8,0
291,464497,9.97,1340,33,0
292,158190,9.97,3441,10,0
293,138488,9.96,3322,205,0
294,237175,9.97,6928,86,0
295,1305,9.94,4589,52,0
296,509803,9.98,1923,15,0
297,119229,0.0,1199,0,0
298,165993,9.92,6649,103,0
299,427001,9.97,6517,38,0
300,111649,9.92,1911,59,0
301,391540,9.96,2158,12,0
302,423592,9.97,2626,101,0
303,465064,9.98,3277,54,0
304,450314,9.98,2642,3,0
305,306648,9.99,6513,118,0
306,321889,9.65,6392,1,0
307,160631,9.97,5745,8,0
308,184701,9.96,3439,12,0
309,283425,9.95,4231,2,0
310,411783,9.93,3762,56,0
311,301879,9.92,1985,101,0
312,97896,9.95,4647,186,0
313,342054,9.96,2538,73,0
314,489894,9.99,1733,67,0
315,403038,9.99,2298,12,0
316,208892,9.95,13834,10,0
317,212423,9.99,1196,18,0
318,412738,9.99,3117,17,0
319,184825,9.96,24223,154,0
320,242800,9.99,4521,160,0
321,204437,9.91,3057,7,0
322,407273,9.98,4330,1,0
323,253683,9.92,4552,1,0
324,195441,9.99,3924,55,0
325,459929,8.2,1948,1,0
326,216953,9.98,5345,90,0
327,322507,9.6,1434,1,0
328,401641,9.97,4095,82,0
329,185112,9.8,5323,8,0
330,396706,9.97,10864,102,1
331,200455,9.73,4684,4,0
332,179753,9.97,4684,122,0
333,157904,9.99,6677,37,0
334,394233,9.98,11965,10,0
335,243918,9.96,5469,9,0
336,3705,9.97,3423,19,0
337,464827,9.88,504,57,0
338,400554,9.94,6732,2,0
339,160234,9.0,2838,1,0
340,301865,9.96,3638,129,0
341,428558,9.95,6666,128,0
342,335992,9.98,2342,74,0
343,241681,9.98,3289,3,0
344,321141,9.95,1493,15,0
345,348480,9.99,5371,92,0
346,286370,9.73,7775,5,0
347,270059,9.98,1227,58,0
348,297508,9.95,2196,1,0
349,241372,9.99,972,19,0
350,205552,9.75,6801,9,0
351,371570,9.98,3261,126,0
352,208969,9.94,8204,30,0
353,132484,9.95,13958,11,0
354,207375,9.94,2690,23,0
355,224588,9.99,3605,1,0
356,367188,9.96,3720,2,0
357,438060,9.92,1220,53,0
358,268811,9.97,11017,93,0
359,137378,9.95,15508,93,0
360,159943,9.73,14734,1,0
361,341822,9.99,16824,40,0
362,290489,9.99,3195,6,0
363,264631,9.99,6309,98,0
364,182917,9.97,2614,23,0
365,232526,9.98,16783,119,0
366,424242,9.99,2548,89,0
367,387429,9.93,1425,4,0
368,391767,9.95,1617,4,0
369,352187,9.98,533,5,0
370,239904,9.98,3187,18,0
371,275467,9.99,3345,138,0
372,219899,9.97,13279,99,0
373,301661,9.96,2321,55,0
374,204423,9.86,2892,5,0
375,196768,9.91,4626,8,0
376,206590,9.99,525,10,0
377,201838,9.95,2956,81,0
378,241795,9.92,1509,20,0
379,221470,9.93,8340,97,0
380,195683,9.94,4155,249,0
381,102061,9.95,2213,81,0
382,166674,9.88,2008,10,0
383,14920,9.83,6599,18,0
384,335327,9.99,5156,89,0
385,254855,9.98,7351,9,0
386,403312,9.99,1925,25,0
387,266842,9.99,12381,116,0
388,192864,9.91,2870,19,0
389,224260,9.99,8609,163,0
390,196739,9.9,2483,155,0
391,313546,9.96,4947,16,0
392,311677,9.97,6712,10,0
393,216936,9.95,7163,209,0
394,385969,9.99,3572,109,0
395,211863,9.98,9087,14,0
396,153099,9.58,1312,8,0
397,248871,9.97,1762,13,0
398,241879,9.95,272,20,0
399,416512,9.95,5840,10,0
400,186845,9.87,2239,10,0
401,329745,9.97,2159,6,0
402,198176,0.0,2906,0,0
403,193677,9.97,5250,121,0
404,199905,9.87,1794,74,0
405,380411,9.99,3692,57,0
406,192186,9.99,1620,27,0
407,387962,9.99,2631,83,0
408,200317,9.94,3798,7,0
409,207055,9.97,12709,103,0
410,228700,9.87,2453,9,0
411,178786,9.96,5053,32,0
412,4219,9.94,3563,58,0
413,322064,9.99,2212,139,0
414,160307,9.94,4576,145,0
415,160425,9.94,12623,66,0
416,244224,9.91,2143,7,0
417,258752,9.99,4035,10,0
418,236500,9.99,5796,216,0
419,215972,9.95,4347,75,0
420,241357,9.98,254,11,0
421,332550,9.98,3858,5,0
422,130749,9.87,2134,70,0
423,221045,9.98,16069,89,0
424,166170,9.96,10284,111,0
425,108410,9.98,13807,80,0
426,259407,9.98,3081,10,0
427,336855,9.99,2778,65,0
428,385491,9.94,2681,1,0
429,144436,9.61,3406,151,0
430,168124,9.94,4770,72,0
431,153517,9.84,6307,41,0
432,271931,9.99,7574,1,0
433,178432,9.92,650,63,0
434,263889,9.98,8408,125,0
435,198723,9.96,1267,11,0
436,196646,9.92,1957,32,0
437,343394,9.96,733,16,0
438,196293,9.92,4168,126,0
439,247382,9.7,2489,134,0
440,133566,9.97,4063,14,0
441,124862,9.87,1868,7,0
442,199265,9.97,3019,64,0
443,201507,9.99,12633,199,1
444,173827,9.97,1190,13,0
445,261392,9.99,3528,167,0
446,189351,9.92,1223,45,0
447,131961,9.94,1319,55,0
448,216381,9.99,4032,28,0
449,207470,9.88,8971,32,0
450,33458,10.0,6292,1,0
451,96060,9.76,3024,334,0
452,279749,9.95,2146,3,0
453,213426,9.96,7190,149,0
454,240836,9.97,5998,10,0
455,215212,0.0,3415,0,0
456,265408,9.99,1820,94,0
457,168507,9.93,8519,34,0
458,160218,9.89,1916,31,0
459,124659,9.92,3081,6,0
460,116964,9.98,532,25,0
461,186768,9.89,7767,89,0
462,224088,9.98,1974,12,0
463,220164,9.97,6092,49,0
464,58533,9.98,2129,171,0
465,156544,9.89,2292,11,0
466,257277,9.98,3941,91,0
467,214783,9.86,5224,5,0
468,128925,9.95,6982,77,0
469,217507,9.96,9327,94,0
470,154656,9.95,5455,97,0
471,118292,9.93,5950,82,0
472,213062,9.98,3037,33,0
473,201073,9.95,9036,18,0
474,190144,9.96,237,46,0
475,93015,9.96,4000,127,0
476,202642,9.98,13418,119,0
477,185015,9.92,441,3,0
478,251859,9.7,518,34,0
479,163353,9.92,3898,19,0
480,156561,9.95,1105,75,0
481,125999,9.87,2160,11,0
482,189099,9.9,8357,61,0
483,239932,9.96,832,10,0
484,31992,9.68,1063,3,0
485,233128,9.95,2798,6,0
486,179855,9.92,25409,1,0
487,158768,9.97,1803,45,0
488,159465,9.85,884,42,0
489,201198,9.98,2380,10,0
490,200002,9.72,841,10,0
491,174542,9.96,7632,64,0
492,194711,9.96,1897,10,0
493,184949,9.98,2481,10,0
494,184356,9.88,1871,10,0
495,170703,9.97,790,7,0
496,171673,9.88,994,10,0
497,144090,9.92,9318,10,0
498,495256,9.99,618,63,1
499,244501,9.93,1380,9,0
500,460968,9.88,319,48,0
501,94218,9.87,2527,385,0
502,397309,9.96,651,212,0
503,530986,9.64,309,111,0
504,165497,9.74,2341,264,0
505,200409,0.0,878,0,0
506,510864,9.92,560,97,1
507,209544,9.81,5092,489,1
508,431921,9.87,1433,167,6
509,492007,9.48,286,94,1
510,388687,9.91,2104,523,1
511,389896,9.51,670,41,2
512,9970,8.48,3599,4,0
513,540513,9.57,938,83,10
514,530961,9.96,253,53,0
515,178952,9.9,2141,12,0
516,460746,9.84,433,110,0
517,541054,9.87,146,129,0
518,509211,9.77,241,83,2
519,360108,9.89,2375,112,0
520,468689,9.93,3995,92,5
521,327076,9.8,2298,114,2
522,485171,9.67,183,100,0
523,358372,9.94,204,235,0
524,492297,9.84,401,123,3
525,179409,9.91,2418,172,0
526,543794,9.81,457,45,9
527,553103,9.8,45,39,3
528,312588,9.82,2316,533,0
529,436785,9.96,2032,123,0
530,114299,9.87,3931,90,0
531,396879,9.62,107,30,0
532,505865,9.95,907,249,1
533,479911,9.7,372,111,0
534,86006,9.92,2365,250,0
535,350945,9.79,943,220,1
536,502417,9.94,915,115,0
537,503510,9.92,634,36,0
538,338598,9.96,2811,274,2
539,364709,9.98,1125,31,0
540,122819,9.86,1149,11,0
541,304434,9.97,1169,242,1
542,360879,9.82,68,128,0
543,164014,9.66,411,74,0
544,402904,9.73,1822,148,0
545,355500,9.94,2288,172,0
546,474879,9.98,3424,149,6
547,495121,9.88,384,50,2
548,488146,9.98,1496,4,4
549,483114,9.88,1133,64,15
550,535830,9.44,152,33,1
551,382220,9.78,908,56,0
552,292248,9.71,1778,464,0
553,523376,9.98,2181,37,0
554,391413,9.84,913,93,0
555,137301,9.88,2183,125,0
556,5681,9.79,4033,351,0
557,177910,0.0,3411,0,0
558,3158,9.95,12583,127,2
559,155356,9.91,2207,8,0
560,263818,9.94,1484,243,0
561,470400,9.89,1410,144,0
562,14929,9.89,1944,247,0
563,464264,9.9,1388,73,0
564,471750,9.85,769,110,0
565,92026,9.88,5762,277,0
566,56706,9.87,1504,95,0
567,265380,9.98,348,72,0
568,240872,9.98,2366,138,0
569,75937,9.72,1535,6,0
570,496130,9.98,810,60,0
571,411930,9.55,617,5,0
572,283241,9.87,969,117,0
573,423852,9.82,693,129,0
574,329045,9.86,485,66,0
575,88465,9.79,8315,7,3
576,80880,9.88,4817,7,1
577,408972,9.81,442,170,0
578,60199,9.79,2417,290,0
579,330199,9.89,1317,189,0
580,166510,9.94,2097,152,2
581,375553,9.55,1102,6,0
582,5297,9.96,9504,107,1
583,374317,9.93,889,33,0
584,326851,9.5,1280,1,0
585,389244,9.98,460,64,0
586,327857,9.94,1352,49,0
587,410243,9.89,1145,179,0
588,339059,9.72,136,58,0
589,196327,0.0,1287,0,0
590,143389,9.95,3710,144,0
591,210039,9.91,5141,401,0
592,527079,9.82,363,147,0
593,204370,9.92,6350,263,1
594,464648,9.95,1297,145,0
595,399164,9.82,1162,7,0
596,269221,9.94,3965,159,0
597,336287,9.88,319,7,0
598,230067,9.94,6090,163,0
599,10170,9.77,842,6,0
600,464390,9.69,577,123,0
601,55101,9.86,950,115,0
602,358350,9.93,313,100,0
603,494677,9.95,1029,55,0
604,319038,9.31,592,118,0
605,115126,9.78,1483,25,0
606,146566,9.56,1226,1,0
607,98166,9.93,2018,112,0
608,288641,9.89,1299,351,0
609,187091,9.73,2977,130,0
610,232802,9.96,4198,295,1
611,378285,9.69,1791,6,0
612,4170,9.91,2701,213,0
613,436806,9.98,664,61,0
614,471307,9.6,342,111,0
615,29078,9.93,1641,204,0
616,159782,0.0,5035,0,0
617,152032,9.67,527,136,0
618,81220,9.89,1896,290,0
619,281731,9.96,1124,105,0
620,155916,0.0,1250,0,0
621,156917,9.97,2256,7,0
622,409402,9.93,2105,12,1
623,3136,9.83,7205,602,0
624,315068,9.96,1097,78,0
625,62067,9.86,3552,371,0
626,351633,9.88,1066,14,0
627,18077,9.5,2146,2,0
628,25598,9.87,1790,3,0
629,451246,9.95,776,15,0
630,227729,9.94,5826,6,0
631,356408,9.88,607,37,0
632,38447,9.75,1711,132,0
633,554,9.12,2789,25,0
634,1342,9.9,7128,136,0
635,179690,9.86,1776,217,0
636,221195,9.74,1857,342,0
637,5375,0.0,7407,0,0
638,429775,9.17,923,1,0
639,175141,9.33,678,101,0
640,131692,9.95,1883,3,0
641,179787,9.92,2389,25,0
642,432944,9.93,920,16,0
643,185281,9.24,2142,2,0
644,357262,7.8,1178,1,0
645,6854,9.76,1806,12,0
646,51316,9.81,1053,112,0
647,353125,5.53,642,5,0
648,41920,9.8,2418,167,0
649,319368,9.95,1825,59,0
650,26978,9.89,19272,426,5
651,157563,9.9,1977,71,0
652,131613,9.95,1465,234,0
653,133386,9.53,720,111,0
654,93242,9.84,904,129,0
655,78390,9.91,2091,139,1
656,148485,9.95,1522,149,0
657,57344,9.48,4681,20,0
658,166645,9.86,1910,17,0
659,10782,9.81,817,132,0
660,96985,6.15,386,2,0
661,89876,9.89,579,83,0
662,429732,9.65,443,101,2
663,289957,7.8,347,110,0
664,511383,9.91,835,32,0
665,276429,9.74,860,45,1
666,537796,9.93,478,56,2
667,537861,9.68,275,51,0
668,167300,9.98,2611,107,1
669,100133,9.91,5346,179,1
670,554134,9.94,270,25,1
671,465053,9.72,424,83,0
672,495291,9.71,138,23,0
673,379429,9.94,2684,99,0
674,174597,7.95,123,59,0
675,527279,9.97,180,50,2
676,424301,9.95,365,68,2
677,409298,9.91,836,127,0
678,318662,9.8,283,41,0
679,25589,9.84,3030,219,0
680,525505,9.79,494,26,0
681,428678,9.97,299,40,1
682,403318,9.87,586,85,0
683,426519,9.89,176,61,0
684,438693,9.7,876,129,2
685,427593,9.82,1312,92,0
686,63727,9.81,320,22,0
687,407434,9.74,2247,3,0
688,419201,9.78,505,2,0
689,452880,9.83,376,7,0
690,498955,9.8,316,7,0
691,207522,9.76,2555,1,0
692,475307,9.69,974,119,1
693,7164,9.72,2558,146,0
694,462247,9.54,831,137,0
695,458579,9.76,1049,6,0
696,27287,9.8,8664,177,2
697,499911,9.96,834,79,0
698,409072,9.99,5475,242,0
699,145780,8.61,439,47,0
700,489212,9.79,185,35,0
701,332144,9.89,3115,81,0
702,418550,9.34,148,65,0
703,268749,6.52,2641,2,0
704,537621,9.69,97,10,0
705,492121,9.71,139,1,0
706,360924,9.83,693,155,0
707,15465,9.72,2376,10,0
708,395468,9.53,271,5,0
709,433806,9.55,911,5,0
710,516705,9.95,715,99,0
711,19454,9.75,4280,16,0
712,510588,9.62,92,5,0
713,246677,9.89,3240,242,0
714,144657,9.77,3039,76,0
715,316801,9.78,1890,1,0
716,194469,9.68,4683,31,0
717,513370,0.0,833,0,0
718,409121,9.7,516,20,0
719,510133,9.89,206,67,0
720,417962,9.76,201,96,0
721,402898,9.88,1863,156,0
722,508947,9.78,456,51,0
723,465574,9.62,397,43,0
724,65501,8.0,1096,2,0
725,111490,9.8,309,51,0
726,505921,9.7,197,40,0
727,101732,9.84,1157,84,0
728,405665,9.93,794,90,0
729,171964,0.0,11969,0,0
730,44992,9.92,4561,219,0
731,412082,4.66,545,3,0
732,383318,9.79,1434,77,0
733,2280,9.89,2297,57,0
734,352610,0.0,1069,0,0
735,117037,9.71,7231,1,0
736,288705,9.94,3271,121,0
737,253545,9.78,1747,167,0
738,409340,9.71,598,78,0
739,348466,9.44,358,37,0
740,175792,9.83,875,66,0
741,264241,9.88,538,67,0
742,470962,9.91,65,32,0
743,386615,9.97,1004,58,0
744,414549,9.88,667,94,0
745,72977,9.79,2149,31,0
746,225222,9.73,684,105,0
747,412036,9.95,1281,122,0
748,279701,9.27,1103,2,0
749,338716,9.87,1126,77,0
750,452152,9.4,323,52,0
751,318245,9.75,280,103,0
752,354707,9.65,139,32,0
753,23316,0.0,798,0,0
754,403719,9.82,392,67,0
755,300130,8.54,1661,2,0
756,84018,9.8,2657,105,0
757,202851,9.89,825,82,0
758,391792,9.96,862,40,0
759,307586,9.91,1358,143,0
760,340075,9.82,640,55,0
761,355485,9.8,658,40,0
762,147983,9.41,654,64,0
763,61112,9.62,14971,317,0
764,158374,9.56,664,73,0
765,283782,9.3,548,3,0
766,303393,9.82,416,22,0
767,134639,8.41,1072,3,0
768,162994,9.92,673,13,0
769,178079,9.78,2034,157,0
770,169866,9.76,824,65,0
771,208373,9.79,3574,6,0
772,55676,9.8,2363,111,0
773,187133,9.91,2386,66,0
774,165236,9.89,483,51,0
775,185155,9.63,2081,27,0
776,24059,9.88,4541,113,0
777,222675,9.72,589,79,0
778,166901,9.76,1709,41,0
779,190297,9.73,767,23,0
780,431365,9.93,913,172,0
781,549446,9.95,82,41,0
782,539172,9.95,140,64,1
783,514768,9.6,43,71,0
784,554675,9.94,27,36,0
785,506758,9.81,139,172,0
786,551913,9.97,238,46,2
787,414512,9.82,621,76,9
788,308068,9.82,310,156,1
789,436504,9.96,589,53,0
790,496503,9.97,532,72,33
791,407543,9.16,72,122,0
792,5533,9.9,186,47,1
793,431737,9.92,225,101,0
794,200126,9.83,1663,227,0
795,435850,8.75,85,89,0
796,507212,9.91,154,55,0
797,545264,9.79,142,22,11
798,218120,9.83,1078,209,0
799,372011,9.82,1416,7,0
800,335908,9.91,240,84,0
801,309421,9.57,391,11,0
802,345270,9.93,1453,39,0
803,510829,9.9,142,61,0
804,425762,9.85,217,232,0
805,175742,9.4,3465,132,0
806,105987,9.35,330,81,0
807,397123,9.89,190,38,0
808,520442,9.82,215,89,0
809,427907,9.94,348,48,0
810,438416,9.9,99,33,0
811,218931,9.97,1469,345,1
812,536185,9.97,152,26,0
813,118359,9.93,481,17,0
814,510683,9.36,135,1,0
815,524910,0.0,39,0,0
816,431690,9.74,426,11,0
817,479752,9.96,272,33,0
818,481118,9.89,39,51,0
819,21236,9.95,1459,49,0
820,438722,9.95,174,61,0
821,345062,9.68,129,23,0
822,424998,9.67,214,94,0
823,368988,9.82,95,69,0
824,247045,9.91,128,10,0
825,483365,9.8,209,11,0
826,430842,9.94,189,47,0
827,54072,9.94,4831,5,0
828,410632,9.72,310,3,0
829,486226,9.8,468,11,0
830,464687,9.86,204,8,0
831,376900,9.72,293,97,0
832,352412,9.87,475,131,0
833,108276,9.5,458,149,0
834,43242,9.35,357,25,0
835,322772,9.83,291,6,0
836,247800,9.66,212,10,0
837,180097,9.51,556,102,0
838,356070,9.77,249,2,0
839,388979,9.02,135,40,0
840,228917,9.82,447,2,0
841,247082,9.77,152,10,0
842,326159,9.72,236,2,0
843,161170,9.21,241,111,0
844,205610,0.0,263,0,0
845,253526,9.2,327,1,0
846,201771,9.44,313,67,0
847,131241,9.88,910,96,0
848,3161,9.24,482,109,0
849,15502,8.94,733,44,0
850,167942,9.95,664,93,0
851,146545,9.61,394,6,0
852,189212,9.93,341,10,0
853,166216,9.32,583,3,0
854,13668,9.84,2527,1,5
855,544309,9.74,187,97,0
856,471473,9.86,484,122,2
857,532843,9.74,465,87,8
858,529288,9.75,430,87,2
859,527894,9.98,448,66,0
860,176274,9.64,758,256,1
861,491567,9.57,310,46,0
862,401844,9.77,934,104,3
863,521354,8.96,262,92,0
864,379168,9.85,558,64,2
865,549819,9.94,361,43,2
866,554716,8.81,51,23,2
867,272689,9.9,1528,210,3
868,485257,9.9,851,127,3
869,500775,9.84,277,56,0
870,9263,9.78,678,329,0
871,537010,9.86,480,37,0
872,511689,9.76,643,62,2
873,537157,9.63,214,37,1
874,457997,9.95,314,127,0
875,398000,9.92,769,111,7
876,422031,9.94,843,76,9
877,453675,9.84,287,175,0
878,308246,9.96,553,77,0
879,377527,9.85,759,129,2
880,379037,9.87,386,203,1
881,491396,9.92,581,40,4
882,399491,9.69,470,33,1
883,469575,9.35,427,12,1
884,471991,9.81,342,38,0
885,463130,9.74,289,88,0
886,383948,9.92,169,67,0
887,164575,9.9,588,225,0
888,179848,9.6,583,5,0
889,409223,9.95,613,107,3
890,510951,9.06,402,100,0
891,492721,9.94,516,47,2
892,520869,9.73,243,76,0
893,457582,9.85,545,107,0
894,146405,9.75,3679,218,2
895,428751,9.83,316,26,0
896,366713,9.4,535,2,0
897,355606,9.89,1310,3,1
898,477199,9.86,806,53,0
899,280085,9.65,874,125,0
900,313327,9.93,712,22,4
901,415948,9.95,722,94,0
902,336141,9.8,546,95,0
903,491279,9.51,223,28,0
904,529120,9.78,280,7,0
905,276318,9.75,327,134,0
906,292044,9.83,914,121,1
907,460811,9.81,1014,142,2
908,450075,9.88,630,96,0
909,494967,9.95,456,59,0
910,462919,9.83,394,70,0
911,535981,9.69,172,26,0
912,497577,9.54,144,78,0
913,220240,9.67,608,75,0
914,430980,9.91,413,45,0
915,423259,9.4,665,102,0
916,432613,9.9,320,48,0
917,178035,9.77,868,196,0
918,360164,9.48,733,5,0
919,354548,9.52,1161,191,0
920,510412,9.91,46,20,0
921,461750,9.88,739,50,0
922,255763,9.78,260,9,0
923,45959,9.75,4412,7,0
924,152483,9.87,595,53,0
925,410225,0.0,158,0,0
926,308045,9.49,184,34,0
927,162238,9.98,447,14,0
928,472409,0.0,189,0,0
929,316030,9.84,559,70,0
930,84904,9.87,585,94,0
931,93806,9.46,442,84,0
932,164546,9.88,989,370,0
933,175939,9.59,409,2,0
934,68261,9.55,433,44,0
935,402499,9.75,84,120,1
936,212381,9.78,5128,402,2
937,276935,9.86,603,196,0
938,336232,9.87,487,464,4
939,94958,9.82,568,127,0
940,492240,9.76,111,79,0
941,480867,9.9,139,90,7
942,535675,9.82,101,83,3
943,499007,9.74,53,99,0
944,263528,9.58,268,121,0
945,20037,9.78,1538,209,1
946,297850,9.84,1292,146,0
947,542683,8.82,90,71,2
948,514089,9.74,72,59,1
949,363487,8.74,118,233,2
950,490668,9.72,360,73,0
951,166436,9.57,429,58,0
952,501221,9.59,59,19,0
953,386400,9.62,125,163,0
954,454120,9.82,71,131,0
955,200533,9.79,793,105,0
956,261055,9.8,2430,302,0
957,494939,9.85,351,53,0
958,225938,9.86,7443,2,0
959,498934,9.77,104,94,0
960,481640,9.77,365,57,0
961,306192,9.83,825,63,2
962,489171,9.35,110,55,0
963,405349,9.94,2735,152,1
964,392874,0.0,1682,0,0
965,498657,9.53,192,41,0
966,103882,0.0,1245,0,0
967,355141,9.84,918,149,0
968,207399,10.0,2086,1,1
969,496816,9.71,59,60,0
970,498703,9.94,87,115,0
971,467670,9.35,63,96,0
972,452163,0.0,205,0,0
973,489679,9.84,371,141,0
974,494442,9.82,386,20,0
975,497154,8.69,89,18,0
976,221012,9.51,303,5,0
977,488975,9.86,258,55,0
978,397278,9.8,674,6,0
979,487123,9.77,114,5,0
980,489140,9.66,312,24,0
981,245110,9.2,521,112,0
982,144247,9.83,1326,114,0
983,341843,9.92,246,81,0
984,388615,0.0,693,0,0
985,412051,9.93,305,26,0
986,68852,9.48,980,108,0
987,398630,9.96,3257,76,0
988,89796,9.92,787,96,0
989,217450,9.88,11138,22,0
990,332430,0.0,1761,0,0
991,35274,0.0,200,0,0
992,98714,9.75,699,192,0
993,195711,9.96,635,11,0
994,124619,9.56,1758,52,0
995,126783,9.72,2593,137,0
996,210197,9.84,668,20,0
997,209342,9.79,525,64,0
998,177965,9.34,116,26,0
999,537692,9.92,113,108,1
1000,392585,9.39,43,158,0
1001,549808,8.97,91,36,0
1002,367552,9.87,225,130,0
1003,554440,9.79,16,29,0
1004,417357,8.67,20,74,0
1005,462683,9.9,461,148,0
1006,528948,9.38,88,68,0
1007,337009,9.74,30,67,0
1008,375277,9.9,199,165,0
1009,532179,9.65,69,58,0
1010,352853,9.88,160,210,1
1011,135067,9.64,533,250,0
1012,413624,7.94,141,78,0
1013,494987,9.92,86,64,3
1014,1394,9.34,340,167,0
1015,547981,9.67,32,38,2
1016,407933,9.5,185,57,0
1017,44711,9.51,103,173,0
1018,547196,9.91,36,41,0
1019,541750,9.7,40,22,0
1020,507854,9.87,274,46,1
1021,264666,9.53,174,97,0
1022,459561,9.19,35,63,0
1023,541654,9.87,30,42,0
1024,265690,8.75,546,107,0
1025,536904,9.86,64,40,0
1026,190922,9.15,91,154,0
1027,47847,8.19,562,148,0
1028,156942,9.54,304,33,0
1029,452155,9.19,237,41,1
1030,526172,0.0,382,0,0
1031,330314,9.51,340,81,4
1032,165722,8.21,116,2,0
1033,289956,7.8,83,56,0
1034,511597,9.86,53,53,0
1035,282123,9.88,423,177,0
1036,144902,0.0,340,0,2
1037,475476,9.56,23,34,0
1038,480871,8.25,75,1,0
1039,21409,9.61,158,40,0
1040,216090,9.25,122,68,0
1041,464716,9.83,80,88,0
1042,212382,9.86,264,146,0
1043,484678,9.8,94,65,0
1044,313591,9.25,29,18,0
1045,389600,9.81,188,95,0
1046,452175,9.87,259,45,0
1047,342325,9.14,169,41,0
1048,365716,8.82,163,29,0
1049,345577,9.52,166,106,0
1050,385219,9.45,130,7,0
1051,130790,9.88,373,141,0
1052,86706,9.88,711,300,0
1053,303899,9.83,82,34,0
1054,187931,9.52,103,73,0
1055,38568,9.52,863,233,0
1056,215352,9.83,159,28,0
1057,43553,8.49,355,8,0
